Type,Name,Address,Rating,Review Count,Telephone,Opening Hours,Country,Timezone,Valid
LocalBusiness,Whisper AI Inc.,260 8th Street,,,(855) 594-4773,,,"('America/Adak', 'America/Anchorage', 'America/Anguilla', 'America/Antigua', 'America/Barbados', 'America/Boise', 'America/Cayman', 'America/Chicago', 'America/Denver', 'America/Dominica', 'America/Edmonton', 'America/Fort_Nelson', 'America/Grand_Turk', 'America/Grenada', 'America/Halifax', 'America/Jamaica', 'America/Juneau', 'America/Los_Angeles', 'America/Lower_Princes', 'America/Montserrat', 'America/Nassau', 'America/New_York', 'America/North_Dakota/Center', 'America/Phoenix', 'America/Port_of_Spain', 'America/Puerto_Rico', 'America/Regina', 'America/Santo_Domingo', 'America/St_Johns', 'America/St_Kitts', 'America/St_Lucia', 'America/St_Thomas', 'America/St_Vincent', 'America/Toronto', 'America/Tortola', 'America/Vancouver', 'America/Winnipeg', 'Atlantic/Bermuda', 'Pacific/Guam', 'Pacific/Honolulu', 'Pacific/Pago_Pago', 'Pacific/Saipan')",True
LocalBusiness,Kintsugi AI,156 2nd St,,,(415) 840-8847,['Mo-Fr'],California,"('America/Los_Angeles',)",True
LocalBusiness,Everett Ai MD,2100 Webster St Ste 214,,,(415) 923-3007,,"San Francisco, CA","('America/Los_Angeles',)",True
LocalBusiness,Modality Ai Inc,149 New Montgomery St,,,(415) 200-8535,,California,"('America/Los_Angeles',)",True
LocalBusiness,Presence Ai,121 2nd St,,,(415) 855-7379,['Mo-Su'],California,"('America/Los_Angeles',)",True
LocalBusiness,"Ai Chien, MD",Castro & Duboce Streets South Tower  Suite 160-A,,,(415) 600-5200,,"San Francisco, CA","('America/Los_Angeles',)",True
LocalBusiness,Ai Beaute Skin Spa,1149 Powell St,,,(415) 872-9677,"['Mo-Tu 09:00-18:00', 'Th-Su 09:00-18:00']",California,"('America/Los_Angeles',)",True
LocalBusiness,Arrow AI,44 Tehama St,,,(510) 299-2114,,California,"('America/Los_Angeles',)",True
LocalBusiness,Ocentiv AI,180 Steuart St,,,(844) 469-9501,,,"('America/Adak', 'America/Anchorage', 'America/Anguilla', 'America/Antigua', 'America/Barbados', 'America/Boise', 'America/Cayman', 'America/Chicago', 'America/Denver', 'America/Dominica', 'America/Edmonton', 'America/Fort_Nelson', 'America/Grand_Turk', 'America/Grenada', 'America/Halifax', 'America/Jamaica', 'America/Juneau', 'America/Los_Angeles', 'America/Lower_Princes', 'America/Montserrat', 'America/Nassau', 'America/New_York', 'America/North_Dakota/Center', 'America/Phoenix', 'America/Port_of_Spain', 'America/Puerto_Rico', 'America/Regina', 'America/Santo_Domingo', 'America/St_Johns', 'America/St_Kitts', 'America/St_Lucia', 'America/St_Thomas', 'America/St_Vincent', 'America/Toronto', 'America/Tortola', 'America/Vancouver', 'America/Winnipeg', 'Atlantic/Bermuda', 'Pacific/Guam', 'Pacific/Honolulu', 'Pacific/Pago_Pago', 'Pacific/Saipan')",True
LocalBusiness,Sweep Ai Inc,2660 3rd St,,,(347) 839-1978,,New York,"('America/New_York',)",True
LocalBusiness,Ai Rose Spa,4004 Balboa St,,,(415) 387-1998,['Mo-Su 10:00-22:00'],"San Francisco, CA","('America/Los_Angeles',)",True
LocalBusiness,Mira Ai Inc,2601 Mission St,,,(415) 817-1615,,California,"('America/Los_Angeles',)",True
LocalBusiness,Ai Ocean Cafe,380 Bush St,,,(415) 398-3322,,"San Francisco, CA","('America/Los_Angeles',)",True
LocalBusiness,Imperial Ai Credit Companies,49 Stevenson St Ste 1275,,,(415) 836-2964,,"San Francisco, CA","('America/Los_Angeles',)",True
LocalBusiness,Ever Ai,1160 Gorgas Ave,,,(415) 529-1280,,"San Francisco, CA","('America/Los_Angeles',)",True
LocalBusiness,"Ai, Everett, MD",1445 Bush St,,,(415) 972-4600,['Mo-Fr 09:00-17:00'],California,"('America/Los_Angeles',)",True
LocalBusiness,"Dr. Wei Z. Ai, MD, PhD",1701 Divisadero St 4th Fl,,,(415) 353-7800,,"San Francisco, CA","('America/Los_Angeles',)",True
LocalBusiness,Compliance.ai,311 California St,,,(415) 735-4955,['Mo-Fr 08:00-17:00'],California,"('America/Los_Angeles',)",True
LocalBusiness,"Dr. Wei Z. Ai, MD, PhD",400 Parnassus Ave 4th Fl,,,(415) 353-2051,['Mo-Fr 09:00-17:00'],"San Francisco, CA","('America/Los_Angeles',)",True
LocalBusiness,"Dr. Weiyun Z Ai, MD",400 Parnassus Ave,,,(415) 353-2737,,"San Francisco, CA","('America/Los_Angeles',)",True
LocalBusiness,Kylie.ai,,,,(415) 463-7870,['Mo-Fr 09:00-17:00'],California,"('America/Los_Angeles',)",True
LocalBusiness,A I S Auto Insurance,2130 Folsom St,,,(415) 358-1754,['Mo-Fr 09:00-17:00'],California,"('America/Los_Angeles',)",True
LocalBusiness,Ais,519 Potrero Ave,,,,,Unknown,Unknown,False
LocalBusiness,StyleAI,300 Beale St # A,,,(650) 731-7341,['Mo-Fr 09:00-18:30'],California,"('America/Los_Angeles',)",True
LocalBusiness,LocateAI Inc.,,,,(253) 886-6020,,Washington State,"('America/Los_Angeles',)",True
LocalBusiness,A.I.S. - Photo International - Scott Sibley,447 Sutter St Ste 429,,,(415) 978-5485,['Mo-Fr 10:30-18:30'],California,"('America/Los_Angeles',)",True
LocalBusiness,"Hayden AI Technologies, Inc",484 9th St,,,(510) 508-9953,,California,"('America/Los_Angeles',)",True
LocalBusiness,Janssen Ai,700 Gateway Blvd,,,(650) 784-1006,,California,"('America/Los_Angeles',)",True
LocalBusiness,Bodega Ai,867 Isabella St,,,(510) 350-8649,,California,"('America/Los_Angeles',)",True
LocalBusiness,Outlier Ai Inc,360 22nd St,,,(914) 662-9588,,New York,"('America/New_York',)",True
